ID,Name,Taxonomy,Combined Abundance,Min,Max,Mean,Median,Std,BFTMS23071402 Abundance,BFTMS23071403 Abundance,BFTMS23071404 Abundance,BFTMS23071405 Abundance,BFTMS23071406 Abundance,BFTMS23071407 Abundance,BFTMS23071408 Abundance,BFTMS23071409 Abundance,BFTMS23071410 Abundance,BFTMS23071411 Abundance,BFTMS23071412 Abundance,BFTMS23071413 Abundance,BFTMS23071414 Abundance,BFTMS23071415 Abundance,BFTMS23071416 Abundance,BFTMS23071417 Abundance,Sequence
Unidentified; SH489354.07FU_KP012839_reps_singleton,SH489354.07FU_KP012839_reps_singleton,Fungi; Basidiomycota; Agaricomycetes; Agaricales; Hygrophoraceae; Hygrocybe; Unidentified,2,0,1,0.125,0,0.341565026,1,0,1,0,0,0,0,0,0,0,0,0,0,0,0,0,TCAAAGATTCGATGATTCACGGAATTCTGCAATTCACATTACGTATCGCATTTCGCTGCGTTCTTCATCGATGCGAGAGCCA
Kazachstania_aerobia; SH006357.07FU_AY582126_refs,SH006357.07FU_AY582126_refs,Fungi; Ascomycota; Saccharomycetes; Saccharomycetales; Saccharomycetaceae; Kazachstania; Kazachstania_aerobia,26,0,8,1.625,1,2.334523506,1,6,3,2,0,1,0,0,2,0,0,0,2,1,0,8,TGAAGAACGCAGCGAAATGCGATACGTAATGTGAATTGCAGAATTCCGTGAATCATCGAATCTTTGAACGCACATTGCGCCCCTTGGTATTCCAGGGGGCATGCCTGTTTGAGCGTCATTTCCTTCTCAAAC
Saccharomyces_cerevisiae; SH478399.07FU_GQ254808_reps_singleton,SH478399.07FU_GQ254808_reps_singleton,Fungi; Ascomycota; Saccharomycetes; Saccharomycetales; Saccharomycetaceae; Saccharomyces; Saccharomyces_cerevisiae,18,0,9,1.125,0,2.247220505,1,0,2,2,0,0,0,0,2,0,0,0,0,1,1,9,TGAAGAACGCAGCGAAATGCGATACGTAATGTGAATTGCAGAATTCCGTGAATCATCGAATCTTTGAACGCACATTGCGCCCCTTGGTATTCCAGGGGGCATGCCTGTTTGAGCGTCATTTCCTTCTCAAACATTCTGTTTGGTAGTTGAGTTGATACTCTTTGGAGTTAACTTGAA
Kazachstania_hellenica; SH023711.07FU_FJ810522_refs,SH023711.07FU_FJ810522_refs,Fungi; Ascomycota; Saccharomycetes; Saccharomycetales; Saccharomycetaceae; Kazachstania; Kazachstania_hellenica,2,0,1,0.125,0,0.341565026,0,0,0,0,1,0,0,0,0,0,0,0,0,0,0,1,TGAAGAACGCAGCGAAATGCGATACGTAATGTGAATTGCAGAATTCCGTGAATCATCGAATCTTTGAACGCACATTGCGCCCCTTGGTATTCCAGGGGGCATGCCTGTTTGAGCGTCATTTCCTTCTCAAACAC
Unidentified; SH629179.07FU_KY105124_reps_singleton,SH629179.07FU_KY105124_reps_singleton,Fungi; Ascomycota; Saccharomycetes; Saccharomycetales; Saccharomycetaceae; Saccharomyces; Unidentified,3,0,1,0.1875,0,0.403112887,1,0,1,0,0,0,0,0,0,0,0,1,0,0,0,0,TTAAGAACATTGTTCGCCTAGACGCTCTCTTCTTATCGATAACGTTCCAATACGCTCAGTATAAAAAAGATTAGCCGCAGTTGGTAAAACCTAAAACGACCGTACTTGCATTATACCTCAAGCACGCAGAGAAACCTCTCTTTGGAAAAAAAAACATCCAATGAAAAGGCCAGCAATTTCAA
Fusarium_haematococcum; SH004762.07FU_JF433035_refs_singleton,SH004762.07FU_JF433035_refs_singleton,Fungi; Ascomycota; Sordariomycetes; Hypocreales; Nectriaceae; Fusarium; Fusarium_haematococcum,8,0,2,0.5,0,0.730296743,0,1,1,2,1,0,0,0,0,0,1,0,0,0,0,2,AGAACTTTGAAAAGAGAGTTAAAAAGTACGTGAAATTGTTGAAAGGGAAGCGCTTATGACCAGACTTGGGCTTGGTTGATCATCC
Fusarium_pseudensiforme; SH004756.07FU_JF433037_refs,SH004756.07FU_JF433037_refs,Fungi; Ascomycota; Sordariomycetes; Hypocreales; Nectriaceae; Fusarium; Fusarium_pseudensiforme,2,0,1,0.125,0,0.341565026,0,1,0,0,0,1,0,0,0,0,0,0,0,0,0,0,AGAACTTTGAAAAGAGAGTTAAAAAGTACGTGAAATTGTTGAAAGGGAAGCGCTTGTGACCAGACTTGGGCTTGGTTGATCATCC
Aspergillus_fumigatus; SH005555.07FU_KJ123930_reps_singleton,SH005555.07FU_KJ123930_reps_singleton,Fungi; Ascomycota; Eurotiomycetes; Eurotiales; Aspergillaceae; Aspergillus; Aspergillus_fumigatus,7,0,7,0.4375,0,1.75,0,0,0,0,0,0,0,0,0,0,0,0,7,0,0,0,GAAGAACGCAGCGAAATGCGATAAGTAATGTGAATTGCAGAATTCAGTGAATCATCGAGTCTTTGAACGCACATTGCGCCCCCTGGTATTCCGGGGGCATGCCTGTCCGAGCGTCATTGCTGCCCTCAAGCACGGCTTGTGTGTTGGGCCCCCGTCCCCCTCTCCCGGGGACGG
Unidentified; SH492529.07FU_KP196597_reps_singleton,SH492529.07FU_KP196597_reps_singleton,Fungi; Ascomycota; Saccharomycetes; Unidentified; Unidentified; Unidentified; Unidentified,909,0,410,56.8125,13.5,110.1757498,38,45,202,143,16,13,1,4,15,0,1,6,1,0,14,410,CTTTAAGAACATTGTTCGCCTAGACGCTCTCTTCTTATCGATAACGTTCCAATACGCTCAGTATAAAAAAGATTAGCCGCAGTTGGTAAAACCTAAAACGACCGTACTTGCATTATACCTCAAGCACGCAGAGAAACCTCTCTTTGGAAAAAAAAAACATCCAATGAAAAGGCCAGCAATTTCAAGTTAACTCCAAAGAGTATCACTCACTACCAAACAGAATGTTTGAGAAGGAAATGACGCTCAAACAGGCAT
Aspergillus_tritici; SH005491.07FU_EU076302_refs,SH005491.07FU_EU076302_refs,Fungi; Ascomycota; Eurotiomycetes; Eurotiales; Aspergillaceae; Aspergillus; Aspergillus_tritici,2,0,2,0.125,0,0.5,0,0,0,0,0,0,0,0,0,0,0,0,2,0,0,0,GAAGAACGCAGCGAAATGCGATAACTAATGTGAATTGCAGAATTCAGTGAATCATCGAGTCTTTGAACGCACATTGCGCCCCCTGGTATTCCGGGGGGCATGCCTGTCCGAGCGTCATTGCTGCCCTCAAGCACGGCTTGTGTGTTGGGCCCCGTCCCCGGTACCCCCGGGGACGGGCCCGAAAGGCAGCGGCGGCACCGCGTCCGGTCCTCGAGC
Aspergillus_fumigatus; SH488525.07FU_KT150269_reps_singleton,SH488525.07FU_KT150269_reps_singleton,Fungi; Ascomycota; Eurotiomycetes; Eurotiales; Aspergillaceae; Aspergillus; Aspergillus_fumigatus,4,0,4,0.25,0,1,0,0,0,0,0,0,0,0,0,0,0,0,4,0,0,0,CTTAGAAAAATAAAGTTGGGTGTCGGCTGGCGCCGGCCGGGCCTACAGAGCAGGTGACAAAGCCCCATACGCTCGAGGACCGGACGCGGTGCCGCCGCTGCCTTTCGGGCCCGTC
Aspergillus_conicus; SH019366.07FU_KJ406885_reps,SH019366.07FU_KJ406885_reps,Fungi; Ascomycota; Eurotiomycetes; Eurotiales; Aspergillaceae; Aspergillus; Aspergillus_conicus,2,0,2,0.125,0,0.5,0,2,0,0,0,0,0,0,0,0,0,0,0,0,0,0,GAAGAACGCAGCGAAATGCGATACGTAATGTGAATTGCAGAATTCAGTGAATCATCGAGTCTTTGAACGCACATTGCGCCCTCTGGTATTCCGGGGGGCATGCCTGTCCGAGCGTCATTGCTGCCCTCAAGCACGGCTTGTGTGTTGGGCCCCCGTC
Aspergillus_fumigatus; SH628690.07FU_KU565732_reps_singleton,SH628690.07FU_KU565732_reps_singleton,Fungi; Ascomycota; Eurotiomycetes; Eurotiales; Aspergillaceae; Aspergillus; Aspergillus_fumigatus,5,0,4,0.3125,0,1.01447852,0,0,0,0,0,0,0,0,0,1,0,0,4,0,0,0,CTACCTGATCCGAGGTCAACCTTAGAAAAATAAAGTTGGGTGTCGGCTGGCGCCGGCCGGGCCTACCGAGCAGCTGACAAAGCCCCATACGCTCGAGGACCGGACGCGGTGCCGCCGCTGCCTTTCGGGCCCGTCCCCCGGGAGAGGGGGAC
Sporobolomyces_roseus; SH013735.07FU_AY015438_refs,SH013735.07FU_AY015438_refs,Fungi; Basidiomycota; Microbotryomycetes; Sporidiobolales; Sporidiobolaceae; Sporobolomyces; Sporobolomyces_roseus,2,0,2,0.125,0,0.5,0,0,0,0,2,0,0,0,0,0,0,0,0,0,0,0,TCTAAAGGTAGACTTTTCAATTAGAAGCTTCCATAATTAAGTTGGCTCAATGCGAACATTGAATCCTTAGCGAATAGTCTATTACGCCAAGTCAATCCAAACTTGTATTAGGGATGCTGATGTATTACGAACGAGCTAGGCACGAAGCCAGCAGCGCTC
Aspergillus_thermomutatus; SH004962.07FU_AY330710_reps_singleton,SH004962.07FU_AY330710_reps_singleton,Fungi; Ascomycota; Eurotiomycetes; Eurotiales; Aspergillaceae; Aspergillus; Aspergillus_thermomutatus,2,0,2,0.125,0,0.5,0,0,0,0,0,0,0,0,0,0,0,0,2,0,0,0,GAAGAACGCAGCGAAATGCGATAAGTAATGTGAATTGCAGAATTCAGTGAATCATCGAGTCTTTGAACGCACATTGCGCCCCTGGTATTCCGGGGGGCATGCCTGTCCGAGCGTCATTGCTGCCCTCAAGCACGGCTTGTGTGTTGGGCCGCCGTCCCC
Zygosaccharomyces_microellipsoides; SH006155.07FU_AY046185_refs,SH006155.07FU_AY046185_refs,Fungi; Ascomycota; Saccharomycetes; Saccharomycetales; Saccharomycetaceae; Zygosaccharomyces; Zygosaccharomyces_microellipsoides,2,0,1,0.125,0,0.341565026,0,0,1,0,0,0,0,1,0,0,0,0,0,0,0,0,TGAAGAACGCAGCGAAATGCGATACGTAATGTGAATTGCAGAATTCCGTGAATCATCGAATCTTTGAACGCACATTGCGCCCCTTGGTATTCCAGGGGGCATGCCTGTTTGAGCGTCATTTCCTTCTCAAACAATTCTGTTTGGTAGTGAGTGATAC
Saccharomyces_cerevisiae; SH024336.07FU_KC765125_reps,SH024336.07FU_KC765125_reps,Fungi; Ascomycota; Saccharomycetes; Saccharomycetales; Saccharomycetaceae; Saccharomyces; Saccharomyces_cerevisiae,1380,0,519,86.25,29.5,137.4542348,85,106,280,172,39,14,6,20,23,0,5,8,21,46,36,519,TGAAGAACGCAGCGAAATGCGATACGTAATGTGAATTGCAGAATTCCGTGAATCATCGAATCTTTGAACGCACATTGCGCCCCTTGGTATTCCAGGGGGCATGCCTGTTTGAGCGTCATTTCCTTCTCAAACATTCTGTTTGGTAGTGAGTGATACTCTTTGGAGTTAACTTGAAATTGCTGGCCTTTTCATTGGATGTTTTTTTTCCCAAGAGAGGTTTCTCTGCGTGCTTGAGGTATAATGCAAGTACGGTCGTTTTAGGGTTTACCAGCTGCGGCTAATCTTGTTTTATACTGAGCAAAAATGAAACGCTATGCG
Kazachstania_unispora; SH630298.07FU_KX905296_reps_singleton,SH630298.07FU_KX905296_reps_singleton,Fungi; Ascomycota; Saccharomycetes; Saccharomycetales; Saccharomycetaceae; Kazachstania; Kazachstania_unispora,11,0,6,0.6875,0,1.579820665,0,0,2,1,0,2,0,0,0,0,0,0,0,0,0,6,GAAGAACGCAGCGAAATGCGATACGTAATGTGAATTGCAGAATTCCGTGAATCATCGAATCTTTGAACGCACATTGCGCCCTTGGTATTCCAGGGGCATGCCTGTTTGAGCGTCATTTCCTTCTCAACAGCAATGTTGGTGTGAGTGATACTCATTCGAGTAGCTTGAAATGCTGGCGATGGCTGTTGTGCTGAGTGTCTCCCTCGGA
Saccharomyces_cerevisiae; SH004658.07FU_AB018043_refs,SH004658.07FU_AB018043_refs,Fungi; Ascomycota; Saccharomycetes; Saccharomycetales; Saccharomycetaceae; Saccharomyces; Saccharomyces_cerevisiae,597,0,222,37.3125,11.5,60.44139724,38,39,132,79,20,6,0,6,9,0,4,1,12,11,18,222,GAAGAACGCAGCGAAATGCGATACGTAATGTGAATTGCAGAATTCCGTGAATCATCGAATCTTTGAACGCACATTGCCCCCTTGGTATTCCAGGGGGCATGCCTGTTTGAGCGTCATTTCCTTCTCAAACATTCTGTTTGGTAGTGAGTGATACTCTTTGGAGTTAACTTGAAATTGCTGGCCTTTTCATTGGATGTTTTTTTTCCAAAGAGAGGTTTCTCTGCGTGCTTGAGGTATAATGCAAGTACGGTCGTTTTAGGTTTTACCAACTGCGGCTAATCTTTTTTATACTGAGCGTATTGGAACGTTATCGATAAGAAGAGAGCGTCTAGGCAACAATGTTCTTAAAGT
Zygosaccharomyces_kombuchaensis; SH028344.07FU_AY046193_refs_singleton,SH028344.07FU_AY046193_refs_singleton,Fungi; Ascomycota; Saccharomycetes; Saccharomycetales; Saccharomycetaceae; Zygosaccharomyces; Zygosaccharomyces_kombuchaensis,2,0,2,0.125,0,0.5,0,0,0,0,0,0,0,0,0,0,0,0,0,0,0,2,TGAAGAACGCAGCGAAATGCGATACGTAATGTGAATTGCAGAATTCCGTGAATCATCGAATCTTTGAACGCACATTGCGCCCCTTGGTATTCCAGGGGGCATGCCTGTTTGAGCGTCATTTCCTTCTCAAACATCCGTGTTTGGTGGTGAGTGATACTCTGTGTAACA