ID,Name,Taxonomy,Combined Abundance,Min,Max,Mean,Median,Std,BFTMS23111401 Abundance,BFTMS23111402 Abundance,BFTMS23111406 Abundance,BFTMS23111407 Abundance,BFTMS23111408 Abundance,BFTMS23111409 Abundance,Sequence
Synthetic construct; FB985460.2.2274,FB985460.2.2274,Eukaryota; Ascomycota; Saccharomycetes; Saccharomycetales; ; ; Synthetic construct,12,0,4,2,2,1.264911064,2,4,2,2,2,0,GCCCTTCCCTTTCAACAATTTCACGTACTTTTTCACTCTCTTTTCA
Kerria lacca (common lac scale); GBDY01006582.1.2251,GBDY01006582.1.2251,Eukaryota; Basidiomycota; Exobasidiomycetes; ; ; ; Kerria lacca (common lac scale),2,0,1,0.333333333,0,0.516397779,0,1,0,0,1,0,GGAAAGAGAGTTAAAAGTACGTGAAATTGTCGAAAGGGAAGCACTTGAAGTCAGCCATGCTGCTTGAGACTCA
Eremothecium gossypii ATCC 10895; AE016820.482853.486242,AE016820.482853.486242,Eukaryota; Ascomycota; Saccharomycetes; Saccharomycetales; Saccharomycetaceae; Eremothecium; Eremothecium gossypii ATCC 10895,27,0,9,4.5,3.5,3.391164992,3,9,8,3,4,0,AGAACTTTGAAAAGAGAGTGAAAAAGTACGTGAAATTGTTGAAAGGGAAGGGCATTTGATCAGACATGGTGTTTTGCG
Cordyceps cicadae BA-001; AEIW01001963.1.3285,AEIW01001963.1.3285,Eukaryota; Ascomycota; Sordariomycetes; Hypocreales; ; ; Cordyceps cicadae BA-001,7,0,6,1.166666667,0,2.401388487,6,0,0,0,1,0,TCAAAGATTCGATGATTCACGGAATTCTGCAATTCACATTACGTATCGCATTTCGCTGCGTTCTTC
Saccharomyces cerevisiae (baker's yeast); CP026300.450986.454122,CP026300.450986.454122,Eukaryota; Ascomycota; Saccharomycetes; Saccharomycetales; ; ; Saccharomyces cerevisiae (baker's yeast),3389,50,1063,564.8333333,566,323.3310481,528,629,604,515,1063,50,TGAAAAGAGAGTGAAAAAGTACGTGAAATTGTTGAAAGGGAAGGGCATTTGATCAGACATGGTGTTTTGTGCCCTCTGCTCCTTGTGGGTAGGGGAATCTCGCATTTCACTGGGCCAGCATCAGTTTTGGTGGCAGGATAAATCCATAGGAATGTAGCTTGCCTCGGTAAGTATTATAGCCTGTGGGAATACTGCCAGCTGGGACTGAGGACTGCGACGTAAGTCAAGGATGCTGGCATAATGGTTATATGCCGCCCGTCTTGA
Saccharomyces kudriavzevii IFO 1802; AACI03001036.996.4707,AACI03001036.996.4707,Eukaryota; Ascomycota; Saccharomycetes; Saccharomycetales; Saccharomycetaceae; Saccharomyces; Saccharomyces kudriavzevii IFO 1802,40,0,19,6.666666667,5.5,7.201851614,19,7,0,4,10,0,GAAGAACGCAGCGAAATGCGATACGTAATGTGAATTGCAGAATTCCGTGAATCATCGAATCTTTGAACGCACATTGCGCCCCTTGGTATTCCAGGGGGCATGCCTGTTTGAGCGTCATTTCCTTCTCAAACATTCTGTTTGGTAGTGAGTGATACTCTTTGGAGTTAACTTGAAATTGCTGGCCTTTTCATTGGATGTTTTTTTTCCAAAGAGAGGTTTCTCTGCGTGCTTGAGGTATAATGCAAGTACGGTCGTTTTAGGTTTTACCAACTGCGGCTAATCTTTTTTGTACTGAGCGTATTGGAACGTTATCGATAAGAAGAGAGCGTCTAGGCGAACAATATTCTTAAAGTTTGACCTCAAATCAGGTAGGAGTACCCGCTGAACTTAAGCATATCAATAAGCGGAGGAAAAGAAACCAACCGGGATTGCCTTAGTAACGGCGAGTGAAGCGGCAAAAGCTCAAATTTGAAATCTGGTACCTTCGGTGCCCGAGTTGTAATTTGGAGAGGGCAACTTTGGAACCGTTCCTTGTCTATGTTCCTTGGAACAGGACGTCATAGAGGGTGAGAATCCCGTGTGGCGAGGAGTGCGGTTCTTTTGTAAAGTGCCTTCGAAGAGTCGAGTTGTTTGGGAATGCAGCTCTAAGTGGGTGGTAAATTCCATCTAAAGCTAAATATTGGCGAGAGACCGATAGCGAACAAGTACAGTGATGGAAAGATGAAAAGAACTTTGAAAAGAGAGTGAAAAAGTACGTGAAATTGTTGAAAGGGAAGGGCATTTGATCAGACATGGTGTTTTGCGCCCTCTGCTCCTTGTGGGTGGGGGAATCTCGCATTTCACTGGGCCAGCATCAGTTTTGGTGGCAGGATAAATCCGTAGGAATGTAACTTGCTTCGGGAAGTATTATAGCCTGCGGGAATACTGCCAGCTGGGACTGAGGACTGCGACGTAAGTCAAGGATGCTGGCATAATGGTTATATGCCGCCCGTCTTGAAACACGGACCAAG
Saccharomyces paradoxus; AY048155.1.3276,AY048155.1.3276,Eukaryota; Ascomycota; Saccharomycetes; Saccharomycetales; Saccharomycetaceae; Saccharomyces; Saccharomyces paradoxus,2,0,1,0.333333333,0,0.516397779,1,0,0,0,1,0,TGAAAAGAGAGTGAAAAAGTACGTGAAATTGTTGAAAGGGAAGGGCATTTGATCAGACATGGTGTTTTGTGCCCTCTGCTCCTTGTGGGTAGGGGAATCTCGCATTTCACTGGGCCAGCATCAGTTTTGGTGGCAGGATAAATCCGTAGGAATGTAACTTGCTTCGGGAAGTATTATAGCCTGCG
Saccharomyces eubayanus; CP030956.575629.578926,CP030956.575629.578926,Eukaryota; Ascomycota; Saccharomycetes; Saccharomycetales; ; ; Saccharomyces eubayanus,3,0,1,0.5,0.5,0.547722558,0,0,1,1,1,0,GACCGATAGCGAACAAGTACAGTGATGGAAAGATGAAAAGAACTTTGAAAAGAGAGTGAAAAAGTACGTGAAATTGTTGAAAGGGAAGGGCATTTGATCAGACATGGTGTTTTGCGCCCTCTGCTCCTTGTGGGT
Klebsiella pneumoniae UCI 56; JMZO01000009.887574.890224,JMZO01000009.887574.890224,Bacteria; Proteobacteria; Gammaproteobacteria; Enterobacterales; Enterobacteriaceae; Klebsiella; Klebsiella pneumoniae UCI 56,3751,37,1047,625.1666667,644.5,371.4595088,936,1047,777,512,442,37,CTCAACCTGGGAACTGCATTCGAAACTGGCAGGCTAGAGTCTTGTAGAGGGGGGTAGAATTCCAGGTGTAGCGGTGAAATGCGTAGAGATCTGGAGGAATACCGGTGGCGAAGGCGGCCCCCTGGACAAAGACTGACGCTCAGGTGCGAAAGCGTGGGGAGCAAACAGGATTAGATACCCTGGTAGTCCACGCCGTAAACGATGTCGATTTGGAGGTTGTGCCCTTGAGGCGTGGCTTCCGGAGCTAACGCGTTAAATCGACCGCCTGGGGAGTACGGCCGCAAGGTTAAAACTCAAATGAATTGACGGGGGCCCGCACAAGCGGTGGAGCATGTGGTTTAATTCGATGCAACGCGAAGAACCTTACCTGGTCTTGACATCCACAGAACTTTCCAGAGATGGATTGGTGCCTTCGGGAACTGTGAGACAGGTGCTGCATGGCTGTCGTCAGCTCGTGTTGTGAAATGTTGGGTTAAGTCCCGCAACGAGCGCAACCCTTATCCTTTGTTGCCAGCGGTCCGGCCGGGAACTCAAAGGAGACTGCCAGTGATAAACTGGAGGAAGGTGGGGATGACGTCAAGTCATCATGGCCCTTACGACCAGGGCTACACACGTGCTACAATGGCATATACAAAGAGAAGCGACCTCGCGAGAGCAAGCGGACCTCATAAAGTATGTCGTAGTCCGGATTGGAGTCTGCAACTCGACTCCATGAAGTCGGAATCGCTAGTAATCGTAGATCAGAATGCTACGGTGAATACGTTCCCGGGCCTTGTACACACCGCCCGTCACACCATGGGAGTGGGTTGCAAAAGAAGTAGGTAGCTTAACCTTCGGGAGGGCGCTTACCACTTTGTGATTCATGACTGGGGTGAAGTCGTAACAAGGTAACCGTA
Clostridium botulinum NCTC 2916; ABDO02000013.7901.11300,ABDO02000013.7901.11300,Bacteria; Firmicutes; Clostridia; Clostridiales; Clostridiaceae; Clostridium; Clostridium botulinum NCTC 2916,2,0,2,0.333333333,0,0.816496581,2,0,0,0,0,0,ACCGTGAGGTGGAGCAAAACTTATAAAACCTATCTCAGTTCGGATTGTAGGCTGCAACTCGCCTACATGAAGCTGGAGTTGCTAGTAATCGCGAATCAGAATGTCGCGGTGA
Saccharomyces cerevisiae W303; LIUU01000096.23333.26569,LIUU01000096.23333.26569,Eukaryota; Ascomycota; Saccharomycetes; Saccharomycetales; Saccharomycetaceae; Saccharomyces; Saccharomyces cerevisiae W303,28,2,8,4.666666667,4.5,2.943920289,2,8,7,2,7,2,TGAAAAGAGAGTGAAAAAGTACGTGAAATTGTTGAAAGGGAAGGGCATTTGATCAGACATGGTGTTTTGTGCCCTCTGCTCCTTGTGGGTAGGGGAATCTCGCATTTCACTGGGCCAGCATCAGTTTTGGTGGCAGGATAAATCCATAGGAATGTAGCTTGCCTCGGTAAGTATTATAGCCTGTGGGAATACTGCCAGCTGGGACTGAGGACTGCGACGTAAGTCAAGGATGCTGGCATAATGGTTATATGCCGCCCGTCTTGA
Salmonella enterica subsp. enterica serovar Typhimurium str. ST1660/06; AJTU01000006.37103.39760,AJTU01000006.37103.39760,Bacteria; Proteobacteria; Gammaproteobacteria; Enterobacterales; Enterobacteriaceae; Salmonella; Salmonella enterica subsp. enterica serovar Typhimurium str. ST1660/06,449,27,130,74.83333333,72,37.27957439,102,130,68,76,46,27,GACGTCAAGTCATCATGGCCCTTACGACCAGGGCTACACACGTGCTACAATGGCGCATACAAAGAGAAGCGACCTCGCGAGAGCAAGCGGACCTCATAAAGTGCGTCGTAGTCCGGATTGGAGTCTGCAACTCGACTCCATGAAGTCGGAATCGCTAGTAATCGTGGATCAGAATGCCACGGTGAATACGTTCCCGGGCCTTGTACACACC
Saccharomyces cerevisiae (baker's yeast); JRUS01000065.5431.8221,JRUS01000065.5431.8221,Eukaryota; Ascomycota; Saccharomycetes; Saccharomycetales; ; ; Saccharomyces cerevisiae (baker's yeast),10,0,5,1.666666667,1,2.065591118,5,2,0,0,3,0,TGAAAAGAGAGTGAAAAAGTACGTGAAATTGTTGAAAGGGAAGGGCATTTGATCAGACATGGTGTTTTGTGCCCTCTGCTCCTTGTGGGTAGGGGAATCTCGCATTTCACTGGGCCAGCATCAGTTTTGGTGGCAGGATAAATCCATAGGAATGTAGCTTGCCTCGGTAAGTATTATAGCCTGTGGGAATACTGCCAGCTGGGACTGAGGACTGCGACGTAAGTCAAGGATGCTGGCATAATGGTTATATGCCGCCCGTCTTGA
Paraburkholderia phenoliruptrix AC1100; ASXI01000247.3319.6568,ASXI01000247.3319.6568,Eukaryota; Ascomycota; Saccharomycetes; Saccharomycetales; ; ; Paraburkholderia phenoliruptrix AC1100,44,0,26,7.333333333,2.5,10.46263192,26,13,0,0,5,0,TGAAAAGAGAGTGAAAAAGTACGTGAAATTGTTGAAAGGGAAGGGCATTTGATCAGACATGGTGTTTTGTGCCCTCTGCTCCTTGTGGGTAGGGGAATCTCGCATTTCACTGGGCCAGCATCAGTTTTGGTGGCAGGATAAATCCATAGGAATGTAGCTTGCCTCGGTAAGTATTATAGCCTGTGGGAATACTGCCAGCTGGGACTGAGGACTGCGACGTAAGTCAAGGATGCTGGCATAATGGTTATATGCCGCCCGTCTTGA
Saprochaete clavata CNRMA 12.647; CBXB010000022.4634.7665,CBXB010000022.4634.7665,Eukaryota; Ascomycota; Saccharomycetes; Saccharomycetales; ; ; Saprochaete clavata CNRMA 12.647,6,0,6,1,0,2.449489743,0,0,0,6,0,0,GAAAAGAGAGTGAAATAGCGTGTGAAATTGTTGGAGGGGAAGGCGATGGTAGGAATAAGAGGCTGCGGTTTGAAATAAATGTTTTTCGGGCCACGGTCTCCTGAGCCTGCTTTCGCACCCGTCTTG
Serratia marcescens; LFBR01000002.189231.191655,LFBR01000002.189231.191655,Bacteria; Proteobacteria; Gammaproteobacteria; Enterobacterales; Yersiniaceae; Serratia; Serratia marcescens,776,5,188,129.3333333,145,69.87035614,188,112,113,177,181,5,GGGTGACGAGCGGCGGACGGGTGAGTAATGTCTGGGAAACTGCCTGATGGAGGGGGATAACTACTGGAAACGGTAGCTAATACCGCATAACGTCGCAAGACCAAAGAGGGGGACCTTCGGGCCTCTTGCCATCAGATGTGCCCAGATGGGATTAGCTAGTAGGTGGGGTAATGGCTCACCTAGGCGACGATCCCTAGCTGGTCTGAGAGGATGACCAGCCACACTGGAACTGAGACACGGTCCAGACTCCTACGGGAGGCAGCAGTGGGGAATATTGCACAATGGGCGCAAGCCTGATGCAGCCATGCCGCGTGTGTGAAGAAGGCCTTCGGGTTGTAAAGCACTTTCAGCGAGGAGGAAGGTGGTGAGCTTAATACGTTCATCAATTGACGTTACTCGCAGAAGAAGCACCGGCTAACTCCGTGCCAGCAGCCGCGGTAATACGGAGGGTGCAAGCGTTAATCGGAATTACTGGGCGTAAAGCGCACGCAGGCGGTTTGTTAAGTCAGATGTGAAATCCCCGGGCTCAACCTGGGAACTGCATTTGAAACTGGCAAGCTAGAGTCTCGTAGAGGGGGGTAGAATTCCAGGTGTAGCGGTGAAATGCGTAGAGATCTGGAGGAATACCGGTGGCGAAGGCGGCCCCCTGGACGAAGACTGACGCTCAGGTGCGAAAGCGTGGGGAGCAAACAGGATTAGATACCCTGGTAGTCCACGCTGTAAACGATGTCGATTTGGAGGTTGTGCCCTTGAGGCGTGGCTTCCGGAGCTAACGCGTTAAATCGACCGCCTGGGGAGTACGGCCGCAAGGTTAAAACTCAAATGAATTGACGGGGGC
Saccharomyces cerevisiae (baker's yeast); MBUC01000666.459633.463046,MBUC01000666.459633.463046,Eukaryota; Ascomycota; Saccharomycetes; Saccharomycetales; ; ; Saccharomyces cerevisiae (baker's yeast),3,0,2,0.5,0,0.836660027,0,2,0,0,1,0,TGAAAAGAGAGTGAAAAAGTACGTGAAATTGTTGAAAGGGAAGGGCATTTGATCAGACATGGTGTTTTGTGCCCTCTGCTCCTTGTGGGTAGGGGAATCTCGCATTTCACTGGGCCAGCATCAGTTTTGGTGGCAGGATAAATCCATAGGAATGTAGCTTGCCTCGGTAAGTATTATAGCCTGTGGGAATACTGCCAGCTGGGACTGAGGACTGCGACGTAAGTCAAGGATGCTGGCATAATGGTTATATGCCGCCCGTCTTGA
Blastomyces dermatitidis ATCC 26199; AEII01002431.881.2971,AEII01002431.881.2971,Eukaryota; Ascomycota; Eurotiomycetes; Onygenales; Ajellomycetaceae; Blastomyces; Blastomyces dermatitidis ATCC 26199,2,0,2,0.333333333,0,0.816496581,0,0,0,0,2,0,AGGGTTAGGGTTAGGGTTAGGGTTAGGGTTAGGGTTAGGGTTAGGGTTAGGGTTAGGGTTAGGGTTAGGGTTAGGGTTAGGGTTAGGGTTAGGGTTAGGGTTAGGGTTAGGGTTAGGGTTAGGGTTAGGGTTA
Klebsiella pneumoniae; LFBI01000011.135664.138079,LFBI01000011.135664.138079,Bacteria; Proteobacteria; Gammaproteobacteria; Enterobacterales; Enterobacteriaceae; Klebsiella; Klebsiella pneumoniae,114,0,42,19,16.5,15.15255754,20,30,42,9,13,0,TACACACCGCCCGTCACACCATGGGAGTGGGTTGCAAAAGAAGTAGGTAGCTTAACCTTCGGGAGGGCGCTTACCACTTTGTGATTCATGACTGGGGTGAAGTCGTAACAAGGTAACCGTA
Nadsonia commutata; KC254858.1.3241,KC254858.1.3241,Eukaryota; Ascomycota; Saccharomycetes; Saccharomycetales; Incertae Sedis; Nadsonia; Nadsonia commutata,3,0,1,0.5,0.5,0.547722558,0,1,1,0,1,0,TGAAAAGAGAGTGAAAAAGTACGTGAAATTGTTGAAAGGGAAGGGCATG
Clostridium sp. Marseille-P2415; FTLN01000073.5889.8686,FTLN01000073.5889.8686,Bacteria; Firmicutes; Clostridia; Lachnospirales; Lachnospiraceae; Lachnoclostridium; Clostridium sp. Marseille-P2415,4,0,2,0.666666667,0,1.032795559,0,2,2,0,0,0,TACGTAGGGGGCAAGCGTTATCCGGATTTACTGGGTGTAAAGGGAGCGTAGACGGCGCTGCAAGTCTGGAGTGAAAGCCCGGGGCTCAACCCCGGGACTGCTTTGGAAACTGTGGAGCTGGAGTGCAGGAGAGGTAAGTGGAATTCCTAGTGTA
Saccharomyces cerevisiae W303; LIUU01000090.28356.32106,LIUU01000090.28356.32106,Eukaryota; Ascomycota; Saccharomycetes; Saccharomycetales; Saccharomycetaceae; Saccharomyces; Saccharomyces cerevisiae W303,71,0,18,11.83333333,14,7.167054253,12,18,7,16,18,0,TGAAAAGAGAGTGAAAAAGTACGTGAAATTGTTGAAAGGGAAGGGCATTTGATCAGACATGGTGTTTTGTGCCCTCTGCTCCTTGTGGGTAGGGGAATCTCGCATTTCACTGGGCCAGCATCAGTTTTGGTGGCAGGATAAATCCATAGGAATGTAGCTTGCCTCGGTAAGTATTATAGCCTGTGGAATACTGCCAGCTGGGACTGAGGACTGCGACGTAAGTCAAGGATGCTGGCATAATGGTTATATGCCGCCCGTCTTGAAACACGGACCAAGGAGTCTAACGTCTATG
Klebsiella pneumoniae MGH 45; JCNS01000010.196554.199296,JCNS01000010.196554.199296,Bacteria; Proteobacteria; Gammaproteobacteria; Enterobacterales; Enterobacteriaceae; Klebsiella; Klebsiella pneumoniae MGH 45,6,0,2,1,1,0.894427191,2,2,0,1,0,1,TCAGTTCCAGTGTGGCTGGTCATCCTCTCAGACCAGCTAGGGATCGTCGCCTAGGTGAGCCGTTACCCCACCTACTAGCTAATCCCATCTGGGCACATCTGATGGCATGAGGCCCGAAGGTCCCCCACTTTGGTCTTGCGACGTTATGCGGTATTAGCTACCGTTTCCAGTAGTTATCCCCCTCCATCAGGCAGTTTCCCAGACATTACTC
Blautia sp. Marseille-P3087; FQLI01000007.11980.14856,FQLI01000007.11980.14856,Bacteria; Firmicutes; Clostridia; Lachnospirales; Lachnospiraceae; Blautia; Blautia sp. Marseille-P3087,20,0,5,3.333333333,4,2.065591118,3,5,5,2,5,0,AACCCCTATCCCCAGTAGCCAGCAGTTCGGCTGGGCACTCTGAGGAGACTGCCAGGGATAACCTGGAGGAAGGCGGGGATGACGTCAAATCATCATGCCCCTTATGATTTGGGCTACACACGTGCTACAATGGCGTAAACAAAGGGAAGCAAGCCTGCGAGGGTAAGCAAATCCCAAAAATAACGTCCCAGTTCGGACTGCAGTCTGCAACTCGACTGCACGAAGCTGGAATCGCTAGTAATCGCGGATCAGAATGCCGCGGTGAATACGTTCCCGGGTCTTGTACACACCGCCCGTCACACCATGGGAGTCAGTAACGCCCGAAGTCAGTGACCTA
Bacillus gottheilii; FUVC01000037.183.2900,FUVC01000037.183.2900,Bacteria; Firmicutes; Bacilli; Bacillales; Bacillaceae; Bacillus; Bacillus gottheilii,10,0,9,1.666666667,0,3.614784456,0,0,0,9,1,0,TCATGCCCCTTATGACCTGGGCTACACACGTGCTACAATGGATGGTACAAAGGGCTGCAAGACCGCGAGGTTTAGCCAATCCCATAAAACCATTCTCAGTTCGGATTGCAGGCTGCAACTCGCCTGCATGAAGCCGGAATCGCTAGTAATCGCGGATCAGCATGCCGCGGTGA
Pseudomonas moraviensis R28-S; AYMZ01000007.155400.157795,AYMZ01000007.155400.157795,Bacteria; Proteobacteria; Gammaproteobacteria; Pseudomonadales; Pseudomonadaceae; Pseudomonas; Pseudomonas moraviensis R28-S,637,2,180,106.1666667,109.5,58.5778684,114,105,102,134,180,2,TCAGATTGAACGCTGGCGGCAGGCCTAACACATGCAAGTCGAGCGGATGAAGGAGCTTGCTCCTGGATTCAGCGGCGGACGGGTGAGTAATGCCTAGGAATCTGCCTGGTAGTGGGGGACAACGTTTCGAAAGGAACGCTAATACCGCATACGTCCTACGGGAGAAAGCAGGGGACCTTCGGGCCTTGCGCTATCAGATGAGCCTAGGTCGGATTAGCTAGTTGGTGAGGTAATGGCTCACCAAGGCGACGATCCGTAACTGGTCTGAGAGGATGATCAGTCACACTGGAACTGAGACACGGTCCAGACTCCTACGGGAGGCAGCAGTGGGGAATATTGGACAATGGGCGAAAGCCTGATCCAGCCATGCCGCGTGTGTGAAGAAGGTCTTCGGATTGTAAAGCACTTTAAGTTGGGAGGAAGGGTTGTAGATTAATACTCTGCAATTTTGACGTTACCGACAGAATAAGCACCGGCTAACTCTGTGCCAGCAGCCGCGGTAATACAGAGGGTGCAAGCGTTAATCGGAATTACTGGGCGTAAAGCGCGCGTAGGTGGTTTGTTAAGTTGGATGTGAAATCCCCGGGCTCAACCTGGGAACTGCATCCAAAACTGGCAAGCTAGAGTATGGTAGAGGGTGGTGGAATTTCCTGTGTAGCGGTGAAATGCGTAGATATAGGAAGGAACACCAGTGGCGAAGGCGACCACCTGGACTGATACTGACACTGAGGTGCGAAAGCGTGGGGAGCAAACAGGATTAGATACCCTGGTAGTCCACGCCGTAAACGATGTCAACTAGCCGTTGGGAGCCTTGAGCTCTTAGTGGCGCAGCTAACGCATTAAGTTGACCGCCTGGGGAGTACGGCCGCAAGGTTAAAACTCAAATGAATTGACGGGGGCCCGCACAAGCGGTGGAGCATGTGGTTTAATTCGAAGCAACGCGAAGAACCTTACCAGGCCTTGACATCCAATGAACTTTCCAGAGATGGATTGGTGCCTTCGGGAACATTGAGACAGGTGCTGCATGGCTGTCGTCAGCTCGTGTCGTGAGATGTTGGGTTAAGTCCCGTAACGAGCGCAACCCTTGTCCTTAGTTACCAGCACGTAATGGTGGGCACTCTAAGGAGACTGCCGGTGACAAACCGGAGGAAGGTGGGGATGACGTCAAGTCATCATGGCCCTTACGGCCTGGGCTACACACGTGCTACAATGGTCGGTACAAAGGGTTGCCAAGCCGCGAGGTGGAGCTAATCCCATAAAACCGATCGTAGTCCGGATCGCAGTCTGCAACTCGACTGCGTGAAGTCGGAATCGCTGTGAAGATGCAGTGTATCCGCGGCTAGACGGAAAGACCCCGTGAACCT
Bacillus rubiinfantis; CCFE01000025.30825.33480,CCFE01000025.30825.33480,Bacteria; Firmicutes; Bacilli; Bacillales; Bacillaceae; Bacillus; Bacillus rubiinfantis,305,0,89,50.83333333,56.5,32.07127479,73,89,30,49,64,0,TACCCTGGTAGTCCACGCCGTAAACGATGAGTGCTAAGTGTTAGAGGGTTTCCGCCCTTTAGTGCTGCAGCTAACGCATTAAGCACTCCGCCTGGGGAGTACGGCCGCAAGGCTGAAACTCAAAGGAA
Enterobacter aerogenes UCI 27; JCKV01000010.41863.44016,JCKV01000010.41863.44016,Bacteria; Proteobacteria; Gammaproteobacteria; Enterobacterales; Enterobacteriaceae; Klebsiella; Enterobacter aerogenes UCI 27,9606,122,2671,1601,1673,978.0443753,2671,2529,1937,1409,938,122,TACCCTGGTAGTCCACGCCGTAAACGATGTCGACTTGGAGGTTGTGCCCTTGAGGCGTGGCTTCCGGAGCTAACGCGTTAAGTCGACCGCCTGGGGAGTACGGCCGCAAGGTTAAAACTCAAATGAATTGACGGGGGCCCGCACAA
Staphylococcus aureus LCT-SAO; JANM01000001.1715466.1718570,JANM01000001.1715466.1718570,Bacteria; Firmicutes; Bacilli; Staphylococcales; Staphylococcaceae; Staphylococcus; Staphylococcus aureus LCT-SAO,51,0,16,8.5,7.5,6.090976933,16,7,5,15,8,0,TACCCTGGTAGTCCACGCCGTAAACGATGAGTGCTAAGTGTTAGGGGGTTTCCGCCCCTTAGTGCTGCAGCTAACGCATTAAGCACTCCGCCTGGGGAGTACGACCGCAAGGTTGAAACTCAAAGGAA
Streptococcus pneumoniae; CMII01000035.6080.8641,CMII01000035.6080.8641,Bacteria; Firmicutes; Bacilli; Lactobacillales; Streptococcaceae; Streptococcus; Streptococcus pneumoniae,146,0,124,24.33333333,0,49.61317029,0,0,22,0,0,124,TCAAATCATCATGCCCCTTATGACCTGGGCTACACACGTGCTACAATGGCTGGTACAACGAGTCGCAAGCCGGTGACGGCAAGCTAATCTCTTAAAGCCAGTCTCAGTTCGGATTGTAGGCTGCAACTCGCCTACATGAAGTCGGAATCGCTAGTAATCGCGGATCAGCACGCCGCGGTGA
Saccharomyces cerevisiae (baker's yeast); MBVN01000043.442794.446298,MBVN01000043.442794.446298,Eukaryota; Ascomycota; Saccharomycetes; Saccharomycetales; ; ; Saccharomyces cerevisiae (baker's yeast),17,0,9,2.833333333,1.5,3.544949459,9,2,1,0,5,0,TGAAAAGAGAGTGAAAAAGTACGTGAAATTGTTGAAAGGGAAGGGCATTTGATCAGACATGGTGTTTTGTGCCCTCTGCTCCTTGTGGGTAGGGGAATCTCGCATTTCACTGGGCCAGCATCAGTTTTGGTGGCAGGATAAATCCATAGGAATGTAGCTTGCCTCGGTAAGTATTATAGCCTGTGGGAATACTGCCAGCTGGGACTGAGGACTGCGACGTAAGTCAAGGATGCTGGCATAATGGTTATATGCCGCCCGTCTTGA
Enterobacter sp. MGH 10; JCLO01000014.119732.122190,JCLO01000014.119732.122190,Bacteria; Proteobacteria; Gammaproteobacteria; Enterobacterales; Enterobacteriaceae; Enterobacter; Enterobacter sp. MGH 10,6,0,4,1,0.5,1.549193338,1,0,1,4,0,0,TACACACCGCCCGTCACACCATGGGAGTGGGTTGCAAAAGAAGTAGGTAGCTTAACCTTCGGGAGGGCGCTTACCACTTTGTGATTCATGACTGGGGTGAAGTCGTAACAAGGTAACCGTA
Salmonella enterica subsp. enterica serovar Typhi; CVJY01000011.156929.159297,CVJY01000011.156929.159297,Bacteria; Proteobacteria; Gammaproteobacteria; Enterobacterales; Enterobacteriaceae; Salmonella; Salmonella enterica subsp. enterica serovar Typhi,4,0,2,0.666666667,0.5,0.816496581,2,1,1,0,0,0,TACACACGTGCTACAATGGCGCATACAAAGAGAAGCGACCTCGCGAGAGCAAGCGGACCTCATAAAGTGCGTCGTAGTCCGGATTGGAGTCTGCAACTCGACTCCATGAAGTCGGAATCGCTAGTAATCGTGGATCAGAATGCCACGGTGA
Citrobacter sp. 30_2; ACDJ02000001.3.2059,ACDJ02000001.3.2059,Bacteria; Proteobacteria; Gammaproteobacteria; Enterobacterales; Enterobacteriaceae; Klebsiella; Citrobacter sp. 30_2,3,0,1,0.5,0.5,0.547722558,1,1,1,0,0,0,AGCCGGTGCTTCTTCTGCGAGTAACGTCAATTGCTGTGGTTATTAACCACAACACCTTCCT
Bordetella pertussis; CP015760.2329107.2331778,CP015760.2329107.2331778,Bacteria; Proteobacteria; Gammaproteobacteria; Burkholderiales; Alcaligenaceae; Bordetella; Bordetella pertussis,24,0,9,4,3.5,3.577708764,2,9,7,1,5,0,TACCCTGGTAGTCCACGCCCTAAACGATGTCAACTAGCTGTTGGGGCCTTCGGGCCTTGGTAGCGCAGCTAACGCGTGAAGTTGACCGCCTGGGGAGTACGGTCGCAAGATTAAAACTCAAAGGAA
Malassezia globosa CBS 7966; AAYY01000016.139354.142955,AAYY01000016.139354.142955,Eukaryota; Basidiomycota; Exobasidiomycetes; ; ; ; Malassezia globosa CBS 7966,2,0,2,0.333333333,0,0.816496581,0,0,0,0,2,0,GGAAAGAGAGTTAAAAGTACGTGAAATTGTCGAAAGGGAAGCACTTGAAGTCAGCCATGCTGCTTGAGACTCAGCCTGGCCTTTGGGCTTGGTGTATTTCTCGGTGGCAAGCCAGCATTGGTTTGGGTCGTCGGAGAAGCGCATAGGGAATGTAGCGTCTCCGGACGTGTTATAGCCTTATGCAGGATACGACGACCTGGATCAAGGAACGCAGTGTGCCCTCTGGGCGGGTCTTCGGACACCTTCACACTTAGGATGCTGGCGTAATGGCTTTAAGTGGCCCGTCTTG
Askinasia sp. AD304; JQ000423.1.3940,JQ000423.1.3940,Eukaryota; Arthropoda; Arachnida; ; ; ; Askinasia sp. AD304,12,0,10,2,0,4,0,0,0,2,10,0,CATTTGTGTGTGTGTGTGTGTGTGTGTGTGTGTGTGTGTGTGTGTGTGG
Escherichia coli; CP007391.3777050.3779859,CP007391.3777050.3779859,Bacteria; Proteobacteria; Gammaproteobacteria; Enterobacterales; Enterobacteriaceae; Escherichia-Shigella; Escherichia coli,2,0,1,0.333333333,0,0.516397779,0,0,1,0,1,0,GGACCGTGTCTCAGTTCCAGTGTGGCTGGTCATCCTCTCAGACCAGCTAGGGATCGTCGCCTAGGTGAGCCGTTACCCCACCTACTAGCTAATCCCATCTGGGCACATCCGATGGCA
Morganella morganii subsp. morganii KT; CP004345.791223.793918,CP004345.791223.793918,Bacteria; Proteobacteria; Gammaproteobacteria; Enterobacterales; Morganellaceae; Morganella; Morganella morganii subsp. morganii KT,26,1,11,4.333333333,4,3.669695719,4,5,11,4,1,1,TTAATTCGATGCAACGCGAAGAACCTTACCTACTCTTGACATCCAGAGAACTTAGCAGAGATGCTTTGGTGCCTTCGGGAACTCTGAGACAGGTGCTGCATGGCTGTCGTCAGCTCGTGTTGTGAAATGTTGGGTTAAGTCCCGCAACGAGCGCAACCCTTATCCTTTGTTGCCAGCGCGTGATGGCGGGAACTCAAAGGAGACTGCCGGTGATAAACCGGAGGAAGGTGGGGATGACGTCAAGTCATCATGGCCCTTACGAGTAGGGCTACACACGTGCTACAATGGCGTATACAAAGGGAAGCGACCCCGCGAGGGCAAGCGGAACTCATAAAGTACGTCGTAGTCCGGATTGGAGTCTGCAACTCGACTCCATGAAGTCGGAATCGCTAGTAATCGTAGATCAGAATGCTACGGTGAATACGTTCCCGGGCCTTGTACACACCGCCCGTCACACCATGGGAGTGGGTTGCAAAAGAAGTAGGTAGCTTAACCTCCGGGAGGGCGCTTACCACTTTGTGATTCATGACTGGGGTGAAGTCGTAACAA
Escherichia coli; CP007394.4242631.4245288,CP007394.4242631.4245288,Bacteria; Proteobacteria; Gammaproteobacteria; Enterobacterales; Enterobacteriaceae; Escherichia-Shigella; Escherichia coli,68,4,21,11.33333333,10.5,6.08824003,7,15,9,12,21,4,TAATGTCTGGGAAACTGCCTGATGGAGGGGGATAACTACTGGAAACGGTAGCTAATACCGCATAACGTCGCAAGACCAAAGAGGGGGACCTTCGGGCCTCTTGCCATCGGATGTGCCCAGATGGGATTAGCTAGTAGGTGGGGTAACGGCTCACCTAGGCGACGATCCCTAGCTGGTCTGAGAGGATGACCAGCCACACTGGAACTGAGACACGGTCCAGACTCCTACGGGAGGCAGCAGTGGGGA
Vibrio parahaemolyticus; CP009982.128299.131152,CP009982.128299.131152,Bacteria; Proteobacteria; Gammaproteobacteria; Enterobacterales; Vibrionaceae; Vibrio; Vibrio parahaemolyticus,134,1,57,22.33333333,18,18.73677311,18,25,57,15,18,1,TACCCTGGTAGTCCACGCCGTAAACGATGTCTACTTGGAGGTTGTGCCTTGAGCCGTGGCTTTCGGAGCTAACGCGTTAAGTAGACCGCCTGGGGAGTACGGTCGCAAGATTAAAACTCAAATGAATTGACGGG